study_hours,sleep_hours,proio_test_score,pass_exam
5.993428306022466,8.399355436586003,39.87232587538428,1
4.72347139765763,7.924633682912769,47.83221993926723,1
6.295377076201385,7.059630369920174,38.11370118500058,1
8.046059712816051,6.353063222294426,45.38057705541439,0
4.531693250553328,7.69822331361359,21.595779995693213,0
4.531726086101639,7.39348538542175,53.19940561059408,1
8.158425631014783,7.895193220027732,50.01808213043336,0
6.534869458305818,7.635171801681969,37.74367053397714,1
4.061051228130096,8.049552715319335,59.88868502648607,0
6.085120087171929,6.464764788439432,64.06355206439838,1
4.0731646143750755,8.317394065634325,25.886602034465387,1
4.068540492859486,7.1975996046924,38.55912832150679,0
5.483924543132068,9.075260872625265,38.46286475319053,1
1.1734395106844042,6.310812181910432,35.90145348336703,1
1.5501643349739345,8.73596380316525,62.44212262897623,1
3.8754249415180544,7.197910783462648,47.09260791840795,0
2.9743377593311524,6.348581996385551,46.03227738034084,1
5.628494665190548,6.5161141659456785,19.942064533898698,1
3.1839518489575784,6.67965269180568,59.5312704531384,1
2.175392597329417,7.424165946401916,31.41112407719791,0
7.931297537843108,7.5228354880355,50.89898945399492,0
4.548447399026928,6.426299996061421,54.160654069372875,1
5.1350564093758475,6.975645407739017,70.40987893757976,1
2.1505036275730864,9.142270358611864,30.36769401321332,0
3.9112345509496347,8.727543170100711,4.707317662687622,1
5.2218451794197325,7.4363236696740325,52.75774317130542,1
2.6980128451553944,7.0380034781682,77.0076677226628,1
5.751396036691344,7.120031326718261,68.58419529409156,1
3.79872262016239,7.613517972730417,53.14489122911939,1
4.416612500413446,5.977207434801595,42.62545721551929,1
3.796586775541206,6.742623462576655,62.10683894955966,1
8.704556369017876,5.3314159261224106,35.39680700443297,1
4.973005550524132,7.399223122605279,57.14536654034329,0
2.8845781420881993,7.647195939702741,57.5820523874994,1
6.645089824206378,6.516813537700626,65.90314861248319,1
2.5583127000579555,8.573986763290034,91.39490058366616,1
5.4177271900095105,5.774234336997659,55.88623950768151,1
1.0806597522404489,5.53562511979018,42.36554561438752,0
2.343627902203139,7.224451818559972,49.616385317120084,1
5.393722471738247,8.047098302612154,23.463861426663225,1
6.476933159990821,8.68392769145787,39.579303033664125,0
5.342736562379941,6.54111573713106,43.86076342830344,1
4.768703435223519,8.078680833431296,42.138674030981115,1
4.3977926088214225,6.961491530499293,52.28532308050583,1
2.0429560192651453,6.82737270005918,37.66370101426699,0
3.5603115832105825,7.883659937486672,66.81546000986707,1
4.078722458080425,7.65232287841342,50.00310597377295,0
7.114244452437831,5.42360784301575,49.860495182920786,1
5.687236579136923,8.476540349725896,45.081579252306234,1
1.473919689274532,8.380091354147451,52.32786025788469,0
5.64816793878959,6.374437298490471,62.37647397001452,1
4.229835439167367,7.395803533437409,36.9930467643365,1
3.6461559993880828,7.494030186282739,40.12825266387115,1
6.2233525776817356,7.260673765823907,45.44410956835003,1
7.061999044991902,6.44969484615458,29.811936147901775,0
6.862560238232398,6.328376632061948,37.71113210417754,1
3.3215649535547227,6.974445929008555,42.85668689683011,1
4.381575248297571,8.172729019259364,63.11583771069091,1
5.662526862807128,7.543600154594432,53.938419935028875,1
6.951090254244718,6.629385667913894,52.90384867051316,1
4.04165152430942,7.771698710648344,62.763469432519585,1
4.628682046672366,4.1514573793699245,47.93942317400905,1
2.7873300519879436,8.148765700372103,55.856972748933345,1
2.6075867518386584,5.2602862212219,48.451673706012556,1
6.625051644788396,6.637559058596868,53.980435240994424,1
7.712480057141645,5.880330105373856,41.25862013582627,1
4.855979756839332,5.705318524279094,13.417742625853563,0
7.007065795784048,8.16082678737852,47.985812567205436,1
5.723272050095268,6.5322987986881085,71.3412220414991,1
3.7097604907897512,7.346503881730715,63.893231033623884,0
5.722791211016828,6.953079421120816,64.48096226886756,1
8.076073132931938,7.477040827223122,68.54196082709326,0
4.928347921780097,7.076821891060256,51.32986386442156,1
8.129287311628012,5.71700777581143,52.959735611083936,0
0.0,7.99626681944714,40.73522156848475,1
6.643805008750448,6.506243416838688,45.25890715959425,0
5.174094136476342,5.443418101340249,59.23656724656712,0
4.401985299068265,6.571884839034087,68.05826655753225,0
5.183521553071005,8.50075979063431,47.90830586478501,1
1.0248621707982144,7.850221742113493,43.24716102722883,1
4.560656224324976,6.6513478655921405,50.00791938284896,0
5.7142251430234925,6.650742295681571,59.01810123393672,1
7.955788089483033,6.678364948782617,28.342177757996872,1
3.9634595634527052,9.076747983560841,15.557285702941428,1
3.3830127942136246,7.381935452231553,41.74194725762625,1
3.996485912830927,7.43004164719107,31.68931361128762,0
6.830804235404148,8.030283454031842,42.37789703529034,1
5.657502219319369,7.238789159026513,47.78329521773793,0
3.9404795924659224,6.740957854179297,43.2012738646548,1
6.026534866226712,6.803650150915022,71.78701301706118,1
5.194155098696081,6.928398740585936,54.9011714690348,1
6.937289981065779,6.962777763490158,54.507115394162426,0
3.5958938122452953,7.72762954363698,59.333107160651025,1
4.3446757068044635,7.051945885807299,32.917503233288464,0
4.215783693735685,7.73264007721558,65.58667681130403,1
2.072970103735763,6.919283419891418,48.863535701968104,0
5.592240554129152,7.07863519031609,60.05720925861819,0
5.522110544359778,5.001799315467892,33.92214150439767,0
5.010226913284922,7.916327674702481,26.693618509759034,1
4.530825733249706,7.346488475897993,62.26834487037543,0
2.1692585158991715,7.998010109859652,55.64614289146275,1
4.158709354469282,4.10374462180631,36.46922668463735,0
4.314570966946461,9.088374704780728,36.95505378087958,0
3.395445461556762,6.860410371844826,66.88152176622154,0
4.677428576667982,8.108182816737516,32.15882160699008,1
5.8081017136290765,5.960094072874469,74.64009429883944,1
8.77237180242106,7.61277390506257,36.49068898028197,1
5.349155625663678,5.946584436826344,59.57587888412574,0
5.515100781445529,6.376231039304195,45.07072286376523,0
4.851108168467666,8.914031353866786,59.047811466235146,1
1.162457569401917,6.809317599236653,41.838289968287114,1
4.946972249101567,7.217432873179723,47.558106408915584,1
5.120460419882053,7.8700677306887545,50.61378763093582,1
9.926484224970572,7.495681887972605,34.96718816327791,1
4.615278070437755,7.150418905143576,61.11236518130189,1
5.603094684667225,7.3649610024662255,42.30179650292622,1
4.9305764605895135,9.403415585238275,46.571001269899725,1
2.662643924760936,6.9423812029664145,35.08475938087231,1
7.285645629030041,7.201099046714967,11.564995118070343,0
6.503866065373549,8.050654396007612,47.13458356099746,0
6.582063894086094,8.105525932957985,86.18923132419374,1
3.181225090410522,8.18703030556038,61.769064318470356,1
7.805588621872198,7.638730222029185,49.71109430398408,0
2.1962978744154382,5.8569950872695165,46.05663756187599,1
6.173714187600541,8.633431532301096,50.33698839218069,1
9.380911251619956,5.853654606981312,58.20678672762815,0
3.0189273497386235,7.3026354652390335,32.28780777036732,1
3.867404540794456,6.245724149980642,66.71482542003308,0
5.199302730175282,6.935861653407008,60.73071973161866,1
3.9930486917676014,7.32876241030348,60.772785885619015,1
1.8986731378677346,7.3213572154502735,56.57713608214591,1
5.137125949612055,7.421920754235285,50.294249865409846,1
2.8753925725477902,8.613711269058648,60.0929185395023,1
5.9471848612703635,7.453534301513979,58.87721200612067,0
3.1611515315323935,6.755843364709351,44.68938933588464,1
8.09986881003508,7.964087168288358,41.39597340654649,1
3.4334934153275256,8.189470488924641,51.527844428929804,0
4.355876967588649,5.7723921848630075,73.23530227242782,1
6.62703443473934,7.597400069849858,31.413393865191487,0
2.5382713671320896,7.701172742310899,27.9871210137134,1
5.4549198692082586,6.702436496640008,52.47141261854775,0
7.614285508564857,8.37570681331162,50.76331552784027,1
1.785033530877545,6.849944412967473,52.60012496555612,1
5.369267717064608,7.125576453471543,53.659297968627506,1
5.519765588496847,6.82692817571613,46.65196618047792,0
6.563645743554621,7.015579047581467,72.34795157903123,1
2.526098578243836,5.903724913104798,25.986440322852268,1
2.3590867738314474,5.559949117405706,37.57254462829631,1
6.0438831312337955,8.594505063224972,48.45117859776429,1
5.5939693464663724,6.153038651681673,25.352167832687492,1
5.5009857006917535,6.008607650543693,47.362183933518935,0
5.692896418993952,4.846609886396285,74.92205248592028,1
3.6399505568430186,6.361038252310498,50.313297324439425,1
5.464507394322007,5.676910206592502,53.460513585780255,1
5.586144946597362,8.642015160136369,31.097528522411295,1
3.571297163947264,8.009817089342635,40.75457887940784,1
8.731549022289514,6.311849654822276,44.37205429514094,1
5.947665841823575,9.252435805344309,45.23427354865649,1
2.617393005594703,7.981765486991594,69.22465692505654,0
6.313107217267659,6.675168616491377,58.36536591087687,1
3.050636659545357,4.500594285126427,33.32813064594452,1
6.574169207484904,9.290942572590742,53.697571676480074,1
7.317191158014808,5.610427533236404,57.47332622745178,1
3.358635363296579,5.354601253043108,67.102235577819,1
6.926752258488643,8.02257043200964,73.70811029852561,1
5.825561853872997,9.439752406339274,34.77358712258197,1
6.64412031998898,8.384272818510517,37.83713733184493,1
8.793585965307894,7.56390912005236,31.136332116280755,1
4.509223767994259,7.594754341665286,46.48970211339528,1
3.492527671285021,7.853415558780307,56.995375616695014,1
3.2209711407489534,7.758928589786765,64.81001774883653,1
3.3683794300691234,7.281191423969376,48.86073464536216,0
4.845796581171792,7.104201103951876,45.202287151177345,1
5.682303949633288,6.937406872100477,52.27636988373111,0
5.553381598660038,6.246035411133324,37.472856475549655,1
6.654366498072047,6.719324923133226,81.3430808254216,1
5.026003783755814,5.3070431858046145,25.88508459322912,1
7.907068154314634,6.90166037320525,52.77110868343587,1
4.470686333524088,6.011408892849083,80.35409328844459,0
10.0,5.896410682784229,50.10199766839997,0
6.251334695530012,7.179894151153478,47.14941447497758,0
3.285684887167435,8.3920022863446,44.63831865784359,0
2.8582150038777754,7.918316606002313,47.29412477356388,1
5.96494483048637,5.429499396376823,70.59272712014796,1
4.553074429348298,6.010371863429662,16.822071330057398,1
6.428000988184184,7.940771187988216,73.00150551944489,0
5.94647524914709,6.017512606461691,28.640642713247825,1
4.854342174686255,6.775366850002976,46.00021506148378,0
3.30641256386319,7.550052099024552,43.56133369552008,0
1.9703055506282707,6.031655545136365,58.828299046560794,0
4.106970095865957,7.10537550614596,26.028134721743786,1
6.712797588646945,5.665974505081795,56.93258999122914,0
5.4281874882604075,6.398632356048786,80.36464434930278,0
2.508522442576024,7.3197819341425365,29.552389931107843,1
5.346361851702364,5.407006266468331,52.84559251415593,1
5.770634759457674,7.440474737960399,40.070267333050865,1
3.2322851275977342,6.980362201073318,56.388308092895535,0
5.307450211891056,7.5524899544171475,50.28721666123628,1
5.116417436892,7.223914134064661,40.37769636433536,1
2.714059404338754,8.364140429973844,57.31808427306611,0
5.715574720696567,7.1252245026479075,77.06522164680115,1
6.121569052736469,6.570594458874747,47.13644312409052,0
7.166102486350554,7.122297503032284,60.79636913222273,1
7.1076041040698055,7.543298029036388,30.600905631932545,0
2.244661264085818,7.048860070325705,35.65345434772987,1
3.124349920169754,7.040591691203883,57.08609416820566,1
6.0300705344173195,6.298008312193245,72.26174042803947,1
6.027571901824418,6.337099082449052,55.3342002317849,0
6.030095372612096,5.597394728200307,45.30412954215269,0
10.0,8.749576743186939,49.98937108135031,1
6.141781021386334,5.756136764608715,31.243883990454236,0
7.271131280361198,6.307094802204093,59.0677298953305,1
6.908003526986405,6.281592734430802,63.234995934851135,0
6.302782502611596,7.8949243769444415,43.218645007503795,0
4.369461510719309,6.705050321707972,42.94936778360748,0
6.517938440986535,8.247742072673734,53.98817344478073,0
3.4543495709248564,6.326509375756132,43.44920395939107,1
4.526362786519982,7.278994162223802,49.008010780612665,1
4.029272904341793,6.164652946740243,81.49582683749773,1
5.163748278772645,9.145149127773388,46.29461448881005,0
9.629317133347017,5.812401580970487,44.62489771968167,1
1.2654696148165039,7.309820710227028,40.286872915472614,0
6.372520380749027,7.633776880932098,61.16287957249905,0
1.7745682576206967,7.4137990974514985,47.28163740172845,0
4.056136268421133,6.814712341122291,40.25940442517861,0
7.177901193934732,6.870179300266574,69.81956048409518,1
5.128560038190925,7.04381147197911,71.29404506770456,1
2.8445104441413878,6.852997998371511,40.99364651391942,0
3.5693925814800638,7.96387911679491,22.001900729590755,0
6.359195497869352,9.210523001591351,65.11270534755383,1
3.5392667365657267,6.442508214992166,39.73055261359994,1
5.43291717916395,5.630197020420923,61.85938398744153,1
5.091143679807628,6.911717951648745,20.448442734322466,1
3.6967993047883656,9.579709337654318,63.38896007448964,0
9.28788817865065,6.196325432030269,31.83242106078828,1
6.267838044636022,8.639116805444068,60.96146178599787,1
0.9497148266847857,8.677700814076442,50.21409601754651,0
5.3729086295388555,6.4464117582920055,35.690908709050326,1
3.676427070463224,7.5689830791852755,43.894455306098294,1
6.704866669592448,8.628396623128538,60.294776854350516,0
3.4149585231345987,6.620872259012513,51.58841679672852,1
4.770527117066202,6.796419639897638,58.766194707087266,0
6.0099745579609145,6.418319086051357,79.64660876773229,1
6.731510388340243,5.985243269307134,26.53637582433423,0
2.5994071858884475,6.350722454933993,74.25818862452937,1
4.330997528318103,5.7760597332377435,51.565339062848196,0
4.050109377678088,7.034083468259226,36.51823927515308,0
3.693341534852576,6.230026768941358,30.04529561391515,1
8.530908480562193,7.233785911790748,47.163194138344494,1
5.809963421921911,5.444104353796373,63.82475167886689,1
2.4782320913299096,7.330880232214457,48.08676319433699,0
6.835723894109552,7.833528961608924,72.66732395371021,1
9.244312394025266,5.006264357428544,28.232364649226618,0
7.064930521102294,7.374056569847572,49.81866578230918,0
1.9612600680919732,8.227668992473292,31.214098333803214,0
4.031531854267497,5.790358981308795,55.45447823937452,1
7.533822298373245,8.672572386837704,63.30331085145951,1
3.5846610687624385,7.419019009366045,43.6885730947842,1
5.887638856292456,6.294988144241591,10.936792150592986,0
6.5492681068586736,6.944230922342294,52.98422220194742,0
3.1461390568438343,7.558326912521722,56.55107827600264,1
4.8809492878764,7.076005391412411,56.06442132442547,1
0.0,7.538755992446369,68.53673287733231,1
2.9512247173314203,6.079326406920634,33.93419480526427,0
4.494863697213679,7.169360824036078,60.20324158175674,0
2.504433636070301,5.58628550309502,67.88761268716962,0
8.26482260786327,6.888773938651299,23.321186239902246,1
2.1397172440787346,6.09609235853521,54.79477738878466,1
4.119911026606032,6.264470057410233,42.43730253488493,1
5.2614811545721825,8.236093175210437,48.77715990347531,0
7.8825465781322315,8.091310120594269,55.215147253075045,1
2.1282756976411212,7.609138120907177,42.691571538296714,1
7.326327504309919,5.907687235327421,39.86437881257582,0
5.020466122039174,6.683591550305198,50.512286262320366,0
3.036982697904098,8.213097699979183,33.69131091705796,1
5.924206948526542,7.141716913639905,33.712623066722216,0
5.39811939114694,9.319329539981695,60.19059924434755,0
3.799566245682411,7.3933178393943715,32.76808947262016,1
5.139604169980037,7.192049116490032,59.994687513638176,1
4.22937280627648,6.690883535797498,56.938869392809266,0
5.227034690502496,7.133540904782282,24.11289906814105,1
6.324261349042093,6.8475301636194565,39.83653021496517,1
8.172033632290704,7.708108676688591,67.91164104571058,1
2.524369002346302,7.956702316794584,35.28251703290478,0
9.266066749312532,6.21401053949205,43.033936065359185,1
1.0958244009549962,5.6687670464422215,56.93091339877844,0
4.6964298099288335,5.163794626896704,61.75085763923893,1
6.176634412969153,7.507991326912544,46.22691670933256,1
5.561983735470065,5.896633393826127,41.03734707962538,1
3.7546009603588124,4.847109407047517,71.33554792547761,1
4.5837554992854495,7.388578604530964,76.08349495696368,0
4.013998130682334,9.492999517432791,64.68287076172693,1
3.821270486111577,6.993929088460106,51.27977213847536,0
6.699204194042049,7.838490774451642,37.8760141753861,1
5.714030971930095,7.081829358547565,37.54333390165152,1
3.6141808094786914,6.901110346808857,57.837711578986365,1
6.799199750866501,7.9190764829877685,56.275973313330255,0
5.614599041753219,6.709725455811348,71.02397889419645,1
6.62572423767792,7.267392314071903,59.75675138804209,1
6.259257683847224,7.321697806196013,27.45379547360273,0
3.3420099781558554,6.331909546356951,65.77921426584378,1
3.879637919606061,7.992042349536523,35.02909059028381,1
6.494587210246523,6.825040243304591,44.24043092071473,1
6.22074053086693,6.244254840507155,53.75300309377542,1
4.958196812071704,7.536509843570403,79.93501234675946,0
5.234654766617564,6.101532018208963,96.64877834008041,0
7.55532979157685,7.028181157369128,59.10084588704274,0
3.8168572223283403,6.990881003355796,47.25205071919418,0
6.094194762340075,8.085895565831578,58.01758472720825,0
4.595614695132212,7.474698232879953,63.31483138810754,1
4.56463759354556,6.974973041254856,45.189985616642126,1
7.19755370397438,7.817766299200287,76.92817033868484,1
6.6508326979760595,8.390207549017314,53.45106138787103,0
6.627019272001277,7.557810306351862,57.46614633637091,1
7.610957614308658,7.01035261984338,59.98886378081692,1
5.042007683265518,5.68816376764984,56.32379915921683,0
6.363905942589928,5.934886336924627,62.58410750704418,1
4.379466486813088,6.694775295645332,40.741202201796156,1
5.648332704976884,6.390487797840716,41.62547369080954,0
4.739713891264631,6.813028697014554,33.497686505424575,0
5.193991929985437,7.0566499248971075,56.59251845930339,1
6.190314050873827,7.529692754356731,61.68404755268171,1
3.3635586335330547,6.9295012219409085,56.866592992278285,1
9.184774551370921,7.486501643826202,75.11738650021306,1
2.987965237000596,7.06447441481012,49.9160597175643,0
2.5716227744245357,5.024533433646129,60.03112483388769,0
7.316221747000135,6.060664606181246,33.624486857910284,1
6.583325387925871,6.855912444278385,44.193504462883986,1
6.24823963410431,5.790305257158892,60.43306636348666,1
6.25669101852856,7.599928729996204,62.73653166114716,0
4.975506454306171,8.530750832343697,45.59049578503726,0
3.2054912570283367,8.218761851697316,48.926011222129,1
5.151609116387453,6.786557129069792,27.23189379978786,0
3.6456765769757764,8.490726136849952,44.64456198790086,0
6.9502394668355025,7.148667457202111,63.35574745279679,0
4.705885236995723,6.662914028881961,58.628075241598495,1
3.349005606414977,6.38659733645906,57.50998582071814,1
4.357228316694013,6.697530313511872,50.746605307714404,1
5.825862908551248,6.611823181458771,50.105947379422645,0
3.8725508943920506,7.170416222375488,40.09518290789829,0
3.3555592088671373,7.160573981049865,60.482426303038025,0
5.487374422983825,7.003046020153414,56.314594165840845,1
5.4899331422174455,7.43693816974635,57.38028271989199,1
3.9861136492577405,8.190646274786342,42.10947735998629,0
4.057923388763355,7.949554135441324,17.699856201931333,1
5.464099874715273,5.5151020315500965,66.45729067630543,0
2.1038313170053518,4.446078865098045,42.81743815987394,1
2.1850724512468895,7.934319911239274,37.058363539353195,0
3.563111557495128,5.633121301584579,60.4021836787099,0
4.573105696576306,6.775234598107317,44.11981040121306,1
5.621815131196009,5.82988697394064,65.89904576069932,1
7.950712433899104,5.19801956241998,59.25508924365046,1
6.7153192464040385,7.541462728204788,60.253539848007165,1
4.680122940073145,7.7591551603026465,29.510664331991986,1
4.961967584194622,6.423489599273281,68.179159780796,1
2.9949412707243823,4.40895770785509,53.91875796850784,1
4.96297372801522,6.453755551747517,44.460842911306955,1
4.422682722159723,7.3918040054025465,52.15082701013377,1
5.645437120676179,5.521088431225872,23.3564715065252,0
3.345538112895354,7.183359919779155,56.12979217221006,1
6.038693028482345,6.984690150827005,34.559427377268925,1
8.065477826005155,7.579291499601088,29.709945712346983,1
4.782479703086285,7.119580368414153,27.164612206731633,1
5.8034234441978825,6.026931059118445,66.69032562484888,1
6.380287983422225,8.196571501664492,40.561049094608165,1
4.197559056228328,6.84147042697303,73.00591564874749,0
5.448184963620833,6.972695460490068,41.96297805421553,1
5.02518480156359,6.066732040926804,24.3896306361058,0
5.195352197097663,6.55671774880849,33.25213340077011,0
3.4539804322890673,6.115197285973099,68.53717430010408,1
5.049020348517885,6.827053940076577,47.66152733094999,1
5.9959965824909,8.711708480142343,41.77569055264099,1
7.902287215590084,5.628098857068643,52.40027338779181,0
6.918541652170414,5.386438602123259,57.52674104251317,0
9.306364915023114,8.471170327493608,66.76098223853691,1
3.465304874223901,6.7906763228481335,71.7274884483939,1
6.744641273441356,6.330927261340084,44.60347031316371,1
5.366684011476703,8.039904687396076,30.109284708769426,1
9.379605866435345,6.394384460263136,43.79802258315086,0
3.383403429289697,8.826009713546936,53.90420759874329,1
3.3205563156384477,7.677925871339269,35.54361610684084,0
3.8012147091119557,6.5120885918542974,35.642736276574354,0
0.7522085513803862,9.157308213265503,55.15681822324828,0
3.948489956638478,6.3942850769966615,49.270214726443236,0
3.481734676892604,7.742095372009307,50.4919549311738,0
5.300787572952415,7.299292580406492,38.62256997949896,1
5.683511951554319,8.301741289398798,46.54398928691349,1
8.752341678431772,8.561511196726853,36.136502835975435,1
6.9008476763721,7.0320041490657665,63.3529761668718,0
3.8461926886751936,6.246582129653817,65.52874002085629,1
3.203170657303284,7.459972142939116,22.30718206642859,1
5.983838343013011,6.322284630247894,36.05733709711385,1
2.3595335859587157,9.013387247526623,27.552061173648813,1
8.662917531708707,7.1365353310827375,40.249640983896526,1
7.358880241442574,6.634678448687891,48.748430453144586,0
4.06164869579059,7.184680305864909,28.25532170452205,1
1.573730941818245,5.6528737104703035,36.1721028031203,0
7.707744748330826,6.028385961489349,34.94063941877752,0
4.770920309494764,8.200413907944425,53.10900994098416,0
7.4756326239469235,6.343105721028604,51.04016505554375,1
1.8111446824112658,5.95308901731806,39.1739366999412,0
3.8012499540924543,7.536652752527286,52.65231308209097,0
5.010487399436366,8.185704154662997,41.79979873119102,1
5.093961187529484,7.718953310665067,45.9251733451092,1
4.099869057041513,7.9960476858058165,75.10178135447805,1
6.2456998646949975,6.2432049114305395,70.10691577685522,1
2.8647591412348112,5.578189333258156,30.506281446086035,0
4.715241029957413,8.501333651955488,62.44598626818762,1
5.240591263423798,6.677320161157864,62.170948317373885,1
6.028877668117498,6.749166983544953,32.776050668710724,0
6.423229756177779,8.328194141849059,62.28166465632291,1
2.7507158163242615,7.55623000940066,73.06897877618829,1
1.9317716585287554,7.455887772081607,33.16182790633379,0
7.555353643797018,9.165002344901083,36.237457684786044,1
5.6646280239591835,6.356481769619857,65.26492200265254,1
3.5030269268868928,7.927840128081237,54.07242966238472,1
8.102303951045046,7.057013124897084,58.27214412859285,0
5.231349268585717,7.268592278863257,55.10883824600745,1
7.358594368127653,8.528468426412532,55.86043881392216,1
5.135036962820218,7.507835756289624,30.102918075333754,1
9.121495849763974,7.538296079049633,65.70976559932173,1
8.510681684886409,8.072507337309801,67.54384988641661,1
4.502071703041853,6.635047270457115,46.559138838979585,0
6.943141901908711,6.160790332660993,49.34784575279206,1
6.290751899170295,5.955190805978966,27.03338746166417,1
7.737263115064698,5.0336434106239984,57.71382134026752,0
3.070153078839791,9.056207129940322,58.58086162571216,1
6.372102919996879,5.896791634278317,49.067134745010335,0
7.116848973699176,6.778746376414228,66.86530039805754,1
1.4825210271537714,6.723186700111079,44.98884153530089,0
2.63348297466845,7.307406697809101,58.469088888404,0
0.9215356444797989,7.815737212539297,34.705034919618264,0
4.461186331110884,7.860473488359745,49.64671773688643,0
6.435084511591924,6.416922561431061,47.384686131457464,1
8.004714104192056,6.832878286213589,53.37961883061412,0
5.14818956083955,7.2825799504883,44.45709606749962,0
8.257231091142584,6.751308873816453,48.027911064924986,0
2.2397970835702172,8.607345576019993,62.3907075716226,1
1.5932351212896907,7.490974951638251,43.44853644142674,1
4.888904602206763,7.734877786049817,25.90134348891981,0
5.768130897878614,7.662881268667412,76.24375856308131,1
4.934610503811814,8.173473857485325,70.72181118035729,1
0.8651157999202468,7.181021558703707,30.616059573415722,0
4.821759920974423,5.703168052044154,60.34561707867792,0
2.3910609989902936,7.399687951752641,42.455378441729856,0
6.339345097660077,6.348643106208171,53.952308229965894,1
5.733196492193697,6.471383318250243,54.4133619352024,1
3.1202404273452897,7.586364018755093,46.48388299525517,1
3.972266165326613,8.238283071433635,38.24351501620406,1
2.881572956222097,7.021271576736062,39.64188421525611,1
4.874641805453656,7.308833012598964,36.257121267781365,1
6.910284641002477,8.702214944635237,37.522666876543326,1
3.0285479073289125,7.240753179488569,48.99232564925967,1
6.008093031035688,9.601683114180394,39.26360016333872,1
3.9394847632551184,7.565509645631544,60.2307809856893,1
3.4142543354753117,5.239237240844182,72.30869233003891,0
4.785939280090885,7.753341621104532,41.29920137944936,0
2.929515355161252,7.381158384882777,53.591067508030655,1
3.892701389305636,8.289752754082745,57.49527665454401,1
2.604244214822303,7.6731813512699585,57.080034063789114,1
8.929450265832779,6.861544016016226,51.139329018741314,0
5.070527103943458,5.775701763710634,61.140236275395836,0
3.6005489840148286,6.7909767427139744,57.23373429020986,1
5.427959821468444,6.1494795457907,31.43506366509053,0
4.77534390061834,6.419476550195277,63.0373409658391,1
4.558060800933554,7.58857840442061,63.30936255900113,1
6.22833340008685,8.669904504351406,38.550708437321276,1
6.51501542009461,7.394671529822981,50.56906753171403,1
3.938997704778945,5.804116937964816,60.24993489216604,1
3.8483635187106398,7.44460266822014,46.86029270630958,1
4.449896605696712,8.196631486645652,66.09467071649019,1
0.39615767052883033,6.390217095680618,85.45808741929042,1
1.9696178756028955,6.865982833327083,38.210209510475266,0
7.733748534889049,7.014688194729197,29.284330952693377,1
8.289935427002568,6.21510168691776,54.55727893407314,1
4.501927920887243,7.648280433843859,60.823437576892154,1
6.153113926111533,6.8790518513922185,46.53700439232846,0
5.622500309087072,7.419532443907028,71.79890994981551,1
10.0,6.1125078221979,29.920913004151267,0
7.2391498228691535,6.56254169967659,60.393779345474165,0
4.744164817038467,7.722381357827771,40.9120876886166,1
3.0889191187991485,6.627166847908233,75.79066859310944,1
1.787107359484855,8.726963851233405,79.88773029752177,1
5.406927271734446,6.600363814385398,38.500151183249784,1
3.487298509431393,7.224684725751886,41.7566429613713,1
2.1554925808046517,7.93259083187309,62.89381830469703,1
3.7068542315149466,5.581634267066969,44.19304025315728,0
2.83690399277121,5.239191188019224,49.318831731016424,0
8.37428327014513,5.474343685429905,50.38082630813615,1
6.763279513898901,8.262584103427182,21.204902657035156,1
4.9840547173667655,6.448141854107553,49.79243380858644,1
7.959888277780052,9.558199285668252,39.654083389037396,1
5.154736615295237,6.4357524013426115,42.60315766400342,0
3.2774315973434724,7.184551303197037,71.65448005203221,1
8.046248154539315,8.542109952567875,31.152396585811154,0
6.077820087369317,9.006092888159124,62.19807780121966,0
2.925507691347087,9.061503576636397,45.81555604502287,0
4.619322643832784,8.208366230593143,45.80359747256249,1
3.2487634932304856,8.024062525811463,61.85557844077567,1
2.234400538071328,7.592526949201183,55.10076941853336,1
6.852355095063283,7.778361076166638,58.55919495829296,0
8.818833280940261,6.448814283671466,64.52276990799291,1
2.2028648523617176,6.1818011165776925,45.030374252250155,1
6.125938473381142,6.996625542589048,40.81644898238375,1
3.698714861756346,6.829815377475072,33.72274210163303,1
4.0257492324706075,6.546771950672725,37.61884205031567,1
3.8152121515222617,7.696387447456715,94.23641637963088,1
3.2720184606403677,7.955305208570511,68.67019371105181,1
5.097043255889654,7.088406886291847,29.73388450687968,0
3.3380997671779244,8.477530081055262,30.163130648846447,1
5.540913651559678,5.858310885866495,57.22799092577737,0
4.899523781101726,6.8063405407202815,58.2089719606695,1
4.522103906267181,6.283177679397195,58.233257529760465,0
3.1848726759168042,5.13346338292694,46.175663096694535,1
3.8464573388633347,6.917319314157301,48.118186099956496,0
6.510782451651512,6.878252491616716,54.91819286239036,0
6.0018343752487615,8.51344974324213,51.28839509439996,1
3.044889510402898,7.630811684554778,16.71049440878697,0
5.198664610858452,5.975813175670795,46.553005541372094,0
6.502774246743578,8.854092566334188,37.2289034860953,1
1.6611894377572565,8.221033695525353,52.62817128362768,0
6.08672038475987,7.582097703468616,94.77888503905115,1
3.674752482108307,6.773515901150168,55.51222498211457,1
6.141197337186319,6.04056076327652,45.297054707414034,0
3.4734816869149663,6.627793223928947,63.827022529658784,1
1.390235798670962,8.088748619704186,57.24031830813819,1
1.7449151242336747,8.88458630593461,56.30141735677762,1
5.096169893322764,8.543243528272189,59.10275889823507,0
5.519445003442963,6.511150578213726,80.84815347244312,1
3.191366749791183,5.880382566710988,33.03667347011127,1
6.277184917554748,7.1408862469112035,57.104481152171815,0
1.6769598754620803,5.231560634437148,36.10428305027692,0
4.867840402705367,7.323167714184781,58.33268969513372,1
2.5779676004750867,6.852397413701332,36.21970232770858,1
3.696327784395682,6.533963498131758,43.73949779592373,0
5.094797342632828,5.405296932733204,45.57365128643141,0
3.2791732694320954,7.513600106569717,64.63725079017064,0
4.230888911540349,6.467299160338088,63.77681665913621,1
7.012585618428881,5.830083164289712,31.314239353304234,1
3.8462162609537023,4.127737786718351,50.824011664997734,1
6.671384224130284,6.972485094949364,39.35630217876241,1
2.740586290684764,8.772251596669744,31.122426339869982,0
6.059608355830566,8.66125921454787,46.74474424363444,0
7.883137241315801,6.542903743413728,45.3727581731627,1
0.056710999745421375,6.39778793963822,86.40074729518284,0
3.406209489059046,7.468774256075024,56.49439738041044,1
6.15414425436108,6.001614560811708,29.33573748868644,0
4.593909227914015,7.301791899819466,41.52838993743587,0
5.742291746742618,7.76608027838469,65.32074943144097,1
3.792029626568359,8.226933223884307,81.32664159304888,1
5.1731795749458,6.899845923520047,26.210250316430624,1
4.688645529215841,6.796326249823034,21.801134222914325,1
7.335564123319615,6.122017413243439,78.06447763057673,1
5.508841686602426,6.17311964596014,55.84421266056356,0
5.675205324150404,6.773521108098473,36.9756090218545,1
4.1762460677550655,7.367365506816178,58.01943629183653,1
4.024787551855013,7.913584626233249,10.463783914746834,0
4.134883624360758,6.196821049319655,50.050632598957414,1
5.788904284756594,8.492688568959522,54.91731759264628,1
4.158031038359474,6.728876398957431,63.86405209306744,1
5.579549713792826,6.978632705651564,34.791560715611936,1
9.150801597290878,6.252788320852177,51.28530742105038,1
6.742249406863385,4.575759739727058,36.11863060910619,1
4.347952935664318,7.884045396361049,53.830756335114756,0
7.40242784432789,7.736843897092434,36.56980516455464,0
4.183849253956897,6.718672442881787,43.87848741259669,1
0.9237509296442923,7.066990717224872,35.062769078146566,0
2.983827378165192,7.5159392177041,59.76704362735485,0
1.2584161579482886,5.437454143113458,62.87676674984998,0
4.296973031917383,6.470947322653705,46.480691450638794,0
5.036836758379104,7.794264679621827,50.573569924400424,1
8.352874624550566,5.745710576830751,28.271128780496838,0
5.653854747528325,7.293557932166629,45.50485027989819,1
4.561798942382271,5.643418195376595,49.24693074437383,1
6.658811162366979,7.466429982433526,89.31189636544963,1
0.5777293819842297,6.964358517702516,33.320494613387545,0
5.471229116217132,5.384868184094491,71.96265858128656,1
6.541730387773933,8.164739354457172,64.95288160198712,1
2.042827508440317,6.265408423201951,54.20954606735204,1
7.287508086413858,6.189747562985619,76.379307262927,1
5.676992814988829,7.2005691972309425,55.581582089102945,0
4.169424172198397,8.148637349428714,55.83738793501893,0
6.26556373221257,5.984178181021603,49.20319020473682,0
9.541385715608792,7.061679849847971,68.35353323627942,1
5.36373251011699,7.428816500330573,66.44703850716326,1
5.496441172600672,7.693105607263144,40.614840687556814,1
4.081278200919511,7.176441555277226,30.211292081018488,1
3.3003112610704166,6.632972160916678,46.955290439065145,1
6.660671633088491,6.17240977935128,37.99942153403531,0
3.2878323481822656,7.0861438830463745,49.04713138076967,1
5.143132474438785,5.927860988014393,68.56157202026209,0
4.044685106469767,4.078649516505393,43.14047517369815,0
5.957959651492784,7.4365598041576675,49.35764928032638,0
5.667324210573897,7.903934841086195,50.87034102212593,1
7.075079888515798,4.637067564458162,62.72646323307927,0
3.979967202290506,5.990269295290062,16.29665999023092,0
4.460250129413257,7.619154261005198,40.89949557852055,1
3.042472568435385,9.057495469711698,53.16925538419209,0
4.111413479847776,7.020793707675408,68.00118434640292,1
5.754600986089704,6.271997058770865,42.621463287406925,1
6.513977233290704,6.81710355889516,21.85170940937189,1
3.1556693516447494,8.374876419148185,59.295671689492046,1
6.73921184021132,6.354035820875465,40.46956416761556,0
7.711275717609902,6.200807993349747,32.155000113644576,1
5.826869806447402,6.517256477817968,40.63481915430164,0
8.753591625116131,6.046671391741287,47.232119635162256,1
3.452421601792854,7.122670315994796,40.92883003192681,1
2.510690593377166,8.62467845846956,16.916509143513963,0
1.4425595021914428,7.323079273116029,63.45599295330698,1
7.9920886229783665,6.7476464978737125,69.12312561918083,1
6.308731312708115,6.708188731084456,59.772829870092586,1
4.8888306581790895,5.436809191303343,32.93471494362775,1
5.5599372526396404,7.883109777147159,46.97762699078723,1
2.749021905403247,6.922162802987198,49.90218027155813,0
9.891503959233653,6.819520086409375,58.98191584342865,0
5.258442363950455,10.0,60.02510733077121,0
5.218789589209786,7.298752908365686,38.987393018322564,1
6.451533247797384,6.248208949904816,51.22993334620341,1
5.962018463473426,6.573642403794457,56.85920606922862,0
5.447768048558263,8.148445709196755,71.83733483220149,0
3.4190510891093764,7.113270410537765,60.56759809737085,1
5.942936714271991,5.561722021682633,61.835850310632786,1
8.764048992950068,7.919228934575203,51.257399418940416,1
7.690840092309955,6.331855914461006,71.15688717805256,1
8.186373253278795,8.873297776217546,56.14644193939246,0
3.9775686471376295,8.08004806571465,37.08368134739644,1
3.020790359482838,6.552678104341249,71.05054955187786,1
4.748426159800704,8.281016361735112,60.46854908808541,0
5.111449824577389,7.067855510527403,43.354339683072766,1
7.188383036941897,7.8527736751222195,42.80760548901135,1
1.6150707405703613,7.484732817294475,54.448633177111425,0
8.059100638921228,6.153643345009127,56.94777192901377,1
4.683984202842021,6.356450167682538,52.9593839844681,1
4.14623786010516,8.029960817581161,54.66963010164327,0
2.975791249479665,6.665224667893459,75.49936061864571,0
1.6902866562684613,6.596351536758004,66.07314728352328,0
6.646341167923829,6.044877420650647,52.85953386897536,1
5.146635934376808,7.423599065593461,64.11965871151224,1
2.4200782005178922,9.062524919243145,34.512141447086904,1
2.409842455872768,5.932467085745727,55.968905749202136,0
4.328430601419743,7.024219456672758,77.13959524599665,1
8.338043050578786,8.412220555415429,46.729311569114394,1
4.48081729727279,6.9203586087542845,37.28549107071373,1
1.9937140937637876,7.452371796249734,40.21866667110409,1
4.508513871828112,5.937606471853121,33.655504439864174,1
4.454552860504659,7.428307097207648,38.22857137808445,1
0.0,6.812855734995451,44.442378521149564,0
4.8914102669643755,7.985729995679863,28.916494712320368,1
4.538130939582644,8.18738605156475,50.234275009244044,0
6.3924127296268365,9.589563642018614,63.53415760679971,1
8.69791218989069,7.579633173213575,36.38365729779619,1
7.253130059095515,7.325796316582166,72.78925885462652,0
4.462222618890339,7.194384301577336,57.66188132791392,0
2.7869481825166593,6.6468337071893115,65.45870878436085,1
10.0,7.338483843461691,40.132481692217944,1
5.118436868028977,6.704598589860971,62.81787840599924,1
5.027858583825893,7.168460976269614,33.6209914940703,1
4.951749825779993,8.317597535607959,63.35371251254763,1
5.39616952153571,5.993457434720359,52.577590096902966,1
4.711279176152115,8.139878561129045,58.29876829977175,0
3.8526759862395275,8.317115067339865,32.36608091562722,1
3.9062821175192157,6.881931473008922,36.57395236585093,1
4.934493459568003,4.878145100991405,58.958423273800776,0
3.91315045773247,6.392178012905568,35.77477993663699,0
3.5743084346456713,8.296994546561109,56.94809438148685,0
5.212860455383794,6.977131937701118,29.492932903096314,1
4.490045565158289,6.0006977677050894,62.72261319000002,0
8.007985977165378,6.4952250787717825,31.512150278472365,0
0.0,7.840620026504553,58.28449906519285,1
7.1830137038449235,7.546733568201379,59.38446400469002,1
7.492170384995259,6.761067900830306,39.54842272355638,0
0.8532195351837011,6.6331755881853125,58.7303985062709,0
4.314624811839303,6.608241850956178,53.90663395000334,1
4.257118268008417,6.077589815501497,41.91737215710893,0
2.1849766105643575,8.615375689469442,34.871679738856876,1
3.444366624818249,6.6776795307886605,20.560614624911313,0
2.7788483090683425,8.217158520825496,55.244750709495406,1
8.504540886847245,8.521316051922451,26.52795842956917,1
6.871356786294922,7.9983108981479605,51.430162991619625,0
7.543110189988317,6.5683796872819515,46.048276758766264,1
6.44334412808647,7.40373009033661,60.18714163157293,1
2.7418964575655416,6.975804393609084,45.469317507652036,1
3.9509594674404527,6.096298139269872,45.05828320479363,1
5.978749122455836,7.324359281721603,60.97806056432444,0
2.5557443822161092,5.820960208840198,55.02587043626176,0
6.425996860344776,8.187679388461564,54.74233935774167,1
4.5193492036837295,6.535382702701607,57.03901384712789,0
4.250358384900805,7.201159655872839,26.966418151893414,0
6.421919936406983,7.283287871546142,61.35183019980473,0
5.88852662297208,6.741095026295922,59.187031910204034,1
4.278067668361841,7.586693801475275,34.74975307135254,0
7.318659606728496,6.525096343377475,46.33879289488698,0
2.8378733448002054,7.871297297457244,49.41039068558553,0
6.231871213888527,5.6540203197532515,47.98254823397401,0
6.186202515936768,7.126379579546412,55.00789949852802,0
4.38090712137202,8.938928999058284,71.47050172746775,1
5.652266044484236,5.9996686753944255,66.22650091509243,1
2.497772847229394,6.322255029475149,30.316712098528907,0
6.848054038413802,7.513907849658915,59.33104985459073,0
4.630195727114022,7.179581781939598,69.93399979303115,1
3.954553958961921,7.350630099273559,55.80212781033804,0
7.098018451673779,7.489187130147664,66.3647063777895,0
3.5913126189144817,7.63472146856177,80.18405668551148,1
2.1830774072728807,8.109699841956223,65.35564319160471,1
1.8867416529521925,7.409818656928513,53.739628934625934,1
6.21201990269128,6.7587423453814575,65.6763271112713,1
2.439141295007434,7.672573701202731,52.173317496453365,1
8.50958836396873,8.899881934895216,50.35854564927433,0
0.8361411842325559,6.867366253617426,44.72878646429401,0
8.392912736580076,6.025470695329359,73.45120038248163,1
5.422034934405237,8.107080669286972,37.72357001086998,1
4.806573776259215,6.879618836046402,72.98551587017174,1
3.9101618263821005,4.827330453985963,57.49796185610557,1
5.798272228704142,7.847421677150422,29.01040737797088,1
4.9247305951503035,6.464671814046078,55.51473939487133,0
7.2066037640330425,6.909466717695839,18.49960238522564,1
5.228455297324079,7.3319803305690145,59.382620252465536,0
5.300603522923756,7.190499679779067,63.278472244834866,0
4.272775575572288,7.70945181713904,41.1146606652192,1
4.886108752557865,6.564513629430157,51.85321543933374,1
5.615603537784119,7.513105798176083,79.31236150625429,0
1.5796632146867489,6.740453322416083,42.41379943607095,0
2.303629155788574,7.738810480887503,34.11638619415099,1
6.48652818804543,7.615367484013054,72.22495103693899,1
5.341730876255884,6.064561297955405,79.43880785796192,1
4.632033327294642,8.085982116175032,50.05543507771771,0
5.036867866130787,6.464036554885952,65.17194553112535,0
5.695163410723342,7.808057798281145,70.12213873296321,0
3.920480639381277,7.367287313401341,38.86273651192424,1
3.4433905491953745,8.838183676795122,42.72041246948198,1
5.391690510195363,6.776534017628148,68.46311769732102,0
3.0432544447699357,6.650683203881803,75.27521418062764,1
5.816505511428944,6.980580394112267,58.44321290261532,1
1.5948327915243192,6.696820217165724,36.802784697469185,0
7.058311274651287,7.79994190194205,79.80591667549162,0
5.9451949648260864,5.383689391563412,42.03543653282053,1
5.5120594686277515,5.946317580853646,44.97293328242822,1
6.965381967891028,5.932197078420807,55.135067517344325,1
8.330948888925153,7.9503075919735755,73.31240631072161,1
7.028740130036261,8.710613372581925,62.80963964828335,1
1.3182515373367094,6.8955507814625285,56.222982505428654,1
2.440846066528597,6.83117827680999,56.94932795177159,0
3.7503628446086426,7.070052163113181,50.65272002965199,1
5.052182100421668,8.16187830260819,58.37209271777759,1
6.035318040938246,6.072646865809426,12.056598834585458,1
3.548512373693069,7.2383689827347855,45.55088811395302,1
5.373533528954157,7.975197629782429,53.61982902375171,1
3.489234135293355,7.5010941699398455,32.73478874570739,0
3.7769643940161037,7.189581616598743,55.7948497671734,0
2.1866778063035555,8.00104609256714,46.932931685208175,1
3.1535335077781914,4.296767707000763,76.33213547473235,1
2.2966307887673327,7.677875319530908,73.59529587822284,1
3.0482534940453343,6.345924316872576,43.012916463227555,0
7.107283593215679,5.169367103143543,47.73743432649957,1
3.1012022223361138,7.511202599524981,48.89078651587411,1
10.0,8.373658545162957,43.22510785760566,1
5.9866358017617785,6.862551485372308,52.9253747604219,1
5.369672247389747,7.9528745472029385,38.625768966686145,0
3.2832844396375727,8.612278257988645,33.04076997593711,0
6.4006197588179825,8.314914453584047,59.34066835850403,1
3.848724347524452,8.639964529371394,59.442943763327165,1
5.244019629290723,7.7421274910718925,37.93526360510012,1
10.0,7.075433638901592,63.430331461438996,1
4.8078802005507,5.398034188102832,40.52633406252003,0
7.298546652571352,6.753937511870052,53.797478570569716,1
3.593647149748225,6.156753404683808,62.30516018918684,1
4.930023019006077,9.170942717497814,49.4958115294443,1
8.54160127127102,6.824114187567663,56.821113682117016,0
3.746065884424465,7.123204806784486,42.25355534168642,0
8.624897115993857,7.551485376040468,47.05300124857854,1
6.415503870910951,7.043602446372454,46.9121085367949,0
3.8750664482114647,8.695051040430753,38.80132480189641,1
6.264815478111042,6.377350638265548,47.348387553263265,1
6.9451088992534595,7.194607455237243,26.7707255170438,1
6.243619924434393,6.257529414301952,42.63269379286843,1
1.8595505602190872,5.679977488779294,45.726867599454934,0
3.545725648350263,6.388230909094714,46.1573037125693,1
4.504962728896991,6.962963202951588,46.377538311938316,1
4.851133141799908,6.57069777548274,49.073537002098064,1
6.241344195101356,6.307579020126144,57.19162277129096,1
5.355402001866508,5.593682536328166,63.11775611198784,1
2.3293112825797975,6.9168944273713056,40.25352159727599,1
5.760395702011927,5.4952796259689975,31.951987169162834,1
6.221171490567646,7.760055963689602,34.36933381635345,1
6.11958089586208,7.082439752934503,42.69195618207609,0
7.161561451109243,5.54244850053507,44.72118023275236,1
6.667844309097808,6.6907909229501366,38.45005900703814,1
5.918360158456873,6.247843594409417,30.558250036251582,1
4.859668577082706,7.31917451041918,43.15818758788718,1
1.6780781329680172,8.340450446023144,52.72139930170957,0
5.859236438265172,5.124827530354255,58.925441987533475,0
5.4153753743262225,7.115026079147417,41.63865420337518,1
5.543157674390747,6.83986720443336,43.80503266784849,1
2.446502848359381,7.671340076450465,36.09952536729034,1
2.8378869191834752,7.213196628237689,49.528412444378354,1
7.1063057066658075,6.248030668261181,37.27357048713778,1
4.92088969228669,6.680946064333382,58.596917198618,1
6.363001394745249,6.203974143196511,23.212002620988333,1
5.056636752260922,8.076007138598598,44.60555491321306,1
5.05951227899149,7.021311648671942,54.51661008787613,1
6.876567611951995,8.901190685753008,52.757517744837564,1
3.967910543565252,6.9393391861853795,90.39550495970745,1
5.192241553881967,6.291593233089538,55.24700036851861,1
4.075449422589915,5.486285607387173,34.93918104736984,0
4.131007545135369,5.196860323744055,48.5680362936639,1
4.381655753062721,5.4158640569945105,23.356304998003225,0
5.444267543267426,7.267126651011483,48.791003760548584,1
4.042502756673045,7.508725023229934,37.50415914498862,1
7.511512251147042,5.418809297967867,63.730854133402424,0
3.2107853955609924,7.895038314076116,41.756895881066974,0
4.626256711677282,6.516938948316561,48.2485112630713,1
4.12053788345165,7.146793011985549,40.46663237893395,0
7.893955768707466,8.612220628255425,76.08277027779997,1
5.393109553023149,7.896839315865532,45.18135850823133,1
7.063689078937269,6.731469352094168,77.48835565218803,1
2.028879253926056,6.1088077745847125,62.212276431774,1
5.534100531738518,4.848184598670695,57.231000910030794,1
6.779261591246874,6.28084668075758,55.530997209762795,1
5.164567978550848,6.788869761172306,55.906959473243774,1
7.130960750130702,6.012820472848816,21.08491130981585,1
3.9654230997992554,6.8687430329076955,45.81674908773865,1
7.81869488037116,7.076851882958768,62.67736956776483,1
9.5977962472385,6.775144018191922,49.26654224788842,1
4.274322879120682,6.349997419176541,28.922152297946376,0
4.1089949571984565,7.168654671966728,49.213933241337955,1
7.906768954235401,7.441940649569409,75.56158274383236,0
8.159144291461425,5.9096009225571535,68.70337573302079,1
3.9542799456934636,8.41093237974627,49.069939859509525,0
4.159626365808285,6.901411867715738,64.2717391558713,0
4.436430782278985,7.018849622944848,44.50239469447922,0
2.311098977931446,7.708214423256557,24.441926197599216,1
3.1626961070316035,7.233216131263502,36.133010178056686,1
2.9917184664958643,7.953136633913245,73.44333152762297,0
3.464404869791743,7.287124165201824,45.89010377256044,1
4.930630225226437,6.387562625359562,46.34924030937473,1
5.468429465073042,7.361503525206102,45.502427055876794,1
8.101000985628154,5.856273792679338,78.56204884359511,0
3.003291918522418,7.108559705776523,74.38938373043095,1
6.968644796953168,6.966770009355539,83.281703501722,1
4.572022311548982,6.79188314272746,47.61432184399923,1
4.901072580695134,6.871462488561069,54.434367331206424,1
6.3496389843332075,5.118150954502361,27.250361758688133,1
2.7545559568754028,6.4512750922590385,72.15401639177412,0
5.764819492368101,7.092844901141115,32.48330673098097,1
5.332904416426112,7.1598563919974,53.251633456439436,0
5.984902528016298,5.972324859074042,33.54046208550734,0
5.5783372878156365,8.265707840864701,41.16699759891956,0
9.91060027982179,6.1338251517855,37.441063534254496,1
3.7245200314973683,7.969457200526737,40.881871089862734,1
3.9380060899963647,7.427194361871685,41.91315945276532,1
3.753718947150471,6.353772690156197,41.775968076123846,1
3.8890457616794905,8.775310892609513,62.50000867670461,0
3.7252257453869646,5.80636316824352,33.4270581040622,0
7.378033062215104,7.919154173610002,53.308121405208006,1
7.841008495979709,8.000582318042978,68.26938728458337,1
3.8585074125010475,6.329379790923355,42.30205453229906,1
3.3352888537915426,8.392465300064329,39.23121663878597,1
5.942831112772808,6.749953485401047,46.542130622296234,0
3.8955539114380575,7.288693629279857,67.69587812541064,1
6.265863635511021,7.260321838771221,52.911614464300364,1
5.405846041702599,6.865691258529452,42.03178558088602,1
1.9685117700055361,7.8108082731597825,57.2581497678206,1
8.095010402660122,7.793488720552213,33.46561775245365,1
8.591755346191043,5.2514680267618195,60.22039265664422,1
3.7744226190312276,8.304340242878153,56.12910961552652,1
4.224596880128032,5.337508011964326,45.38287293291674,1
5.57173078144981,8.032546204341656,37.421213023291536,1
5.66891357997405,8.126705136827583,36.69978616574814,0
6.317088545345661,5.9090335697848015,58.02226004518865,1
9.0204090775327,6.589185712045415,68.43470753733592,0
4.646105545011901,5.894295331514064,40.44038379456808,1
3.4034055109230925,6.785078969711265,56.87580055327226,1
2.2413615439709456,6.691965715814259,18.69459472096897,1
3.538139920116162,7.7796605322693395,41.23073404014201,1
4.933746054252405,8.310308746119608,49.53411600693647,1
8.589115727035576,8.395683810789956,36.354748745272495,0
3.964777401927657,6.437831973421698,35.95240437815606,0
5.447575903277797,6.790778126255472,39.983306652966704,1
4.967154207854496,5.31656180777905,54.3828909248956,1
7.376786546896168,6.194129933503811,47.19006472390438,1
10.0,7.9648516330974575,16.42653150012542,1
3.938262454159359,8.615582823548232,18.189497710474008,0
4.021121114963556,5.765651128120078,40.89702233214237,1
7.0883217541381445,6.407535740847106,56.86529879080328,1
6.363782979252623,6.973594243041073,8.78742735912148,1
8.693414651472068,7.280161158819607,42.50404735772554,0
6.167856370651927,6.190396480078354,42.106282152238684,1
4.281415818425881,7.424061044464089,70.82506667312671,1
6.181309661384619,6.526160652929084,44.22467282430705,1
7.2174071611658155,6.985547729121721,55.74483477111393,0
6.640964362394728,7.546284248003699,52.118857101311946,0
6.014548062214596,7.006422269810938,18.04150280289199,0
7.133349379178307,6.5636141094734315,61.52310824947606,1
7.3385911808913455,6.890390196074169,53.23094758184432,1
7.764317982075054,6.911637040794664,57.62402959511884,1
6.297419775179286,6.629988970117872,100.0,0
4.665763839366291,6.741203937332898,18.738305907521173,0
5.293427372866645,8.598647170504718,75.87044974641663,0
7.413017933016714,7.560919447941239,45.688287208994666,1
3.366128658025528,6.704519681970839,54.30993356604514,0
5.737346617745803,7.696954404510736,49.31731632048137,1
4.213322375345278,6.66618051024399,43.63645499902935,1
5.057489645869635,8.17312463758664,41.452506076418615,0
7.556903725214598,7.369642192198094,54.942631033595134,1
5.382198136039807,6.892697855995771,27.242394549924814,0
5.092873096312298,7.447716925810278,61.258687512826484,1
2.2802877180401615,5.429123847931501,43.757083926721194,0
6.492507132054442,5.873232531090195,33.04895991439463,1
6.29096836228215,5.806074993600944,43.24980713006279,0
9.32650944661092,7.142943094763707,68.8572382529386,1
4.384443530093998,8.732514999485092,41.96997369475665,1
5.438300655327878,9.231300146192632,55.3768042731443,1
5.498767367421511,7.638051101440757,39.0356558642679,0
8.15490655952695,7.500844474944457,61.368827748854294,1
4.809408935226096,5.198942265847261,60.282616081853064,1
5.558043051540679,6.457326200265978,77.72913249944617,1
6.215793019433079,6.212216248091761,47.36654081751177,1
5.3732182463127165,6.379152401748884,60.0298220713686,0
4.107132770898944,6.83185618141521,51.47101309308417,0
5.388179985796615,6.527909422302873,69.43807672794522,1
7.1472634997195446,5.020700189624212,39.21751418586904,0
2.9469694011778795,7.7479102561175335,61.17507969315922,1
5.265939348293752,5.927256974260193,47.079540558249775,1
3.599758370121654,7.239246864111149,49.037177343372534,1
7.390093257849685,9.074082669749973,51.37628726672559,1
1.9536261904324506,6.080615408413577,53.78360594640016,1
3.8821563054568236,4.469712477253671,48.256564353170624,0
5.754423750129042,6.713995778119889,53.22069774755789,0
8.13104805846868,8.10095963499857,73.67177086343277,1
4.868499477854025,8.958347454220593,64.78174528422828,1
3.8896009466136032,5.770450405547583,63.03731888745345,0
8.76231413888118,7.496699223236522,43.16690710964194,0
2.103972199167512,6.5346895432199466,36.66138757657514,0
0.6023880867598361,6.894051645695864,64.3295083735663,0
5.880028900106665,9.644343347017035,63.14070188794692,1
3.9958915512947777,5.497029671604847,72.09006013626473,1
2.9575343657385735,7.253739661494573,40.94029061046156,0
6.416712894598707,7.467693171765434,46.55677016959479,1
5.487601427542398,8.085786324939347,25.407737562118488,1
3.871842738526543,7.097983153470896,44.11293340908691,1
2.439391202658211,7.308050539504102,64.94855765869171,0
6.744914656560289,6.608351432578209,43.002569311577034,0
6.300402355917322,7.269126941245108,59.60719692801236,1
4.801648272441234,6.656807724502589,47.14245341003283,1
8.693273992095332,7.6215718898560505,54.86085542332341,1
2.859830467347695,6.630389663956366,32.78462915276499,0
1.9489496581505223,7.377100393902187,51.27814174450852,0
3.616183860237511,6.970737186315022,5.1329604364891495,0
4.908827967289004,8.126050250772169,47.19655762757023,1
5.486678898645383,6.948606276411514,25.5429013442729,1
4.5175278842873405,5.226967531793118,68.08991774820224,0
5.704110793028594,8.261921500713992,61.661110291467665,1
2.496921151619112,6.094267699137381,57.000064729491214,0
7.887529208146519,6.34623366135118,72.8150934073907,0
4.835697643214862,6.404338705956508,35.766252187627444,1
7.234591663176255,8.374438093170816,76.21044796873338,1
5.685450692755408,4.864325786021304,63.98287346390577,1
5.913506438307568,10.0,46.45167069171581,1
6.139534560464408,8.056056809066051,67.03430220774416,0
5.8954171200346295,7.223238914129159,33.40559731382549,1
6.285445519735088,6.945105999383713,37.632287577084895,1
7.658305060264863,7.285554074857657,40.8711541514045,0
5.39304233940294,7.521122428379338,42.06533437903977,1
6.418007515177025,7.645215585950057,34.15163535859621,0
4.820528611425546,7.555604466003448,68.34624600642988,1
7.880234430898946,7.089580681255248,46.117183994452525,1
3.6472153958814606,6.802661579692674,55.28757452535319,1
8.60188086582163,6.848726716346488,41.44472950379479,1
4.919684098711313,6.805091719647319,22.69095049177224,0
2.1384497957639037,8.133770096867064,54.05086037587133,0
5.2562088298215786,7.593556722280862,21.316175368703348,1
3.6378966850502383,4.059611365335719,48.97048930871797,1
6.681287097977448,7.655900776529761,29.475274417507844,1
3.694752041395218,7.194736194718775,79.80913998846212,1
4.107633133570441,6.981291243554103,63.67044083262083,1
1.220918538108938,6.611481546911114,51.5863068690722,0
4.095387361501847,8.124112719986014,68.95560016482003,0
0.15224134674208667,7.947526462122858,37.305260338013966,0
1.8321943530285534,6.227122332176391,58.1521906800514,0
6.520829312288595,7.407052287124535,52.9971565057807,1
6.571600317301664,6.028343265458714,53.96030122000505,0
5.85091512356993,5.620381835211069,69.08530250160152,0
3.066047713741574,6.3732827754100345,60.98738154169703,0
4.90457728771604,7.862393472382759,54.330854942375346,1
4.992794921818863,7.953125045376087,25.176688456575558,1
2.6832706216149145,7.513085420097293,35.59930557080804,1
8.006796603534301,7.725095786847997,48.15936599606414,0
6.7547245811513426,7.5161782871149585,51.40058561414977,1
4.558071652340672,6.3585184047770476,33.046944129891145,0
5.053771677989062,7.431922544673941,86.17515013367631,1
5.416765615895105,7.800409525227682,72.74591082880359,1
0.9165302631514187,7.754291329813574,59.03177480588725,1
4.5056452349588065,8.188913371474642,51.08055291925617,1
3.6360315040044027,7.708303847201064,46.81686545148273,0
2.996759980210169,7.351448207541583,35.72122309966647,1
4.43779941422809,8.070150238316428,51.16220777778294,1
8.595373053699046,6.97347874075094,53.86628810214126,1
6.28168572253402,6.118125348772282,31.373591367775635,1
3.8576420204344064,6.836933036056236,55.01264625867346,0
6.145165562712317,6.255097355193551,47.67111426762877,1
